{"CHARGE_AMP": -3.5867628174223874e-05, "CHARGE_AMP_ERROR": 403.2393504163963, "ELECTRON_TAU": 141.64820991673776, "ELECTRON_TAU_ERROR": 1.9105441217406383, "CHARGE_PER_ENERGY_TRIMM": 60.32332557091974, "CORRECTION_AMP": 40.64605025944295, "CORRECTION_AMP_ERROR": 403.2393504163963, "CORRECTION_DECAY": 0.1833008843410423, "CORRECTION_DECAY_ERROR": 1.9105441217406383, "CORRECTION_CONST": 219.8656758912822, "CORRECTION_CONST_ERROR": 921.3103271173328, "CORRECTION_SIGMOID": 0.053435684871343765, "CORRECTION_SIGMOID_ERROR": 0.7644778751290946}