{"SLOPE": 0.9570721665295275, "SLOPE_ERROR": 0.008118325386605046, "INTERCEPT": 0.20977124718355622, "INTERCEPT_ERROR": 0.07771743017413912}