{"DISCRIMINANT_THRESHOLD": -5, "ML_THRESHOLD": 0.37781005579417143, "UPPER": {"OFFSET": -4.470562479535201, "ENERGY_AMP": 0.9446726410775304, "INTERSECTION": 0.6457784704725489}, "LOWER": {"OFFSET": -6.410998950000001, "ENERGY_AMP": 0.8563530183641013, "INTERSECTION": 2.0407223080412975}}