{"CHARGE_AMP": 3.0571079561209674e-05, "CHARGE_AMP_ERROR": 360.36945833099975, "ELECTRON_TAU": 142.81364588295722, "ELECTRON_TAU_ERROR": 1.2239712857414438, "CHARGE_PER_ENERGY_TRIMM": 78.48401691208124, "CORRECTION_AMP": 45.62526560814336, "CORRECTION_AMP_ERROR": 360.36945833099975, "CORRECTION_DECAY": 0.16174989108083007, "CORRECTION_DECAY_ERROR": 1.2239712857414438, "CORRECTION_CONST": 227.96753223764753, "CORRECTION_CONST_ERROR": 794.445756425064, "CORRECTION_SIGMOID": 0.04738359379939655, "CORRECTION_SIGMOID_ERROR": 0.5692128253719546}