{"TRUE": {"ENERGY_AMP": 1.0073100273153384, "INTERSECTION": -1.5892888333704724}, "RECO": {"ENERGY_AMP": 0.9420251691423753, "INTERSECTION": 0.8858557077917847}, "SELECTED": {"ENERGY_AMP": 0.9204742755468172, "INTERSECTION": -3.1319076576921083}, "TOTAL": {"ENERGY_AMP": 0.9284239299623238, "INTERSECTION": -2.7000045000780832}}