{"TRUE": {"ENERGY_AMP": 1.0061630819804346, "INTERSECTION": -1.636495555709097}, "RECO": {"ENERGY_AMP": 0.8755016620014021, "INTERSECTION": 1.3649199851883431}, "SELECTED": {"ENERGY_AMP": 0.8560656762001753, "INTERSECTION": -2.623131489443172}, "TOTAL": {"ENERGY_AMP": 0.852379448382414, "INTERSECTION": -2.565634207047226}}