{
    "hd_1x2x6_lateralAPA": {
        "gamma": {
            "-1": 0.0005609106946037587,
            "0": 0.44775257107439637,
            "1": 0.14442889475352183,
            "2": 0.14514405588914162,
            "3": 0.1368341639485869,
            "4": 0.12724259107086267
        },
        "neutron": {
            "-1": 0.0011021120110211201,
            "0": 0.3754913397549134,
            "1": 0.16721661167216612,
            "2": 0.1559955115599551,
            "3": 0.14660089546600896,
            "4": 0.1567709895677099
        }
    },
    "hd_1x2x6_centralAPA": {
        "gamma": {
            "-1": 0.0004975266498126539,
            "0": 0.002858992853708121,
            "1": 0.2630059179485715,
            "2": 0.26447707330543374,
            "3": 0.24594480072748395,
            "4": 0.22617228229043176
        },
        "neutron": {
            "-1": 0.0006297757998152657,
            "0": 0.0032033040681961667,
            "1": 0.2662878681855926,
            "2": 0.2511405939485543,
            "3": 0.24018405003374355,
            "4": 0.2420484974015917
        }
    },
    "vd_1x8x14_3view_30deg_nominal": {
        "gamma": {
            "-1": 4.8102361825965654e-05,
            "0": 0.8681033238732022,
            "1": 0.04382125162345471,
            "2": 0.04462295765388747,
            "3": 0.018086488046563088,
            "4": 0.01867975050908333
        },
        "neutron": {
            "-1": 7.99488327470419e-05,
            "0": 0.5164694595458906,
            "1": 0.13459385992964504,
            "2": 0.13515350175887433,
            "3": 0.10335385353373841,
            "4": 0.10661176846818037
        }
    },
    "vd_1x8x14_3view_30deg_optimistic": {
        "gamma": {
            "-1": 0.0,
            "0": 0.8613844870725604,
            "1": 0.04712260216847373,
            "2": 0.044954128440366975,
            "3": 0.01884904086738949,
            "4": 0.020350291909924937
        },
        "neutron": {
            "-1": 6.201165819174004e-05,
            "0": 0.5196266898176857,
            "1": 0.13422423415602133,
            "2": 0.1325189135557485,
            "3": 0.10138906114349498,
            "4": 0.10703212203894333
        }
    },
    "vd_1x8x14_3view_30deg_shielded": {
        "gamma": {
            "-1": 4.8102361825965654e-05,
            "0": 0.8681033238732022,
            "1": 0.04382125162345471,
            "2": 0.04462295765388747,
            "3": 0.018086488046563088,
            "4": 0.01867975050908333
        },
        "neutron": {
            "-1": 7.99488327470419e-05,
            "0": 0.5164694595458906,
            "1": 0.13459385992964504,
            "2": 0.13515350175887433,
            "3": 0.10335385353373841,
            "4": 0.10661176846818037
        }
    }
}